1,17Networks_LH_VisCent_ExStr_1
2,17Networks_LH_VisCent_ExStr_2
3,17Networks_LH_VisCent_ExStr_3
4,17Networks_LH_VisCent_ExStr_4
5,17Networks_LH_VisCent_ExStr_5
6,17Networks_LH_VisCent_ExStr_6
7,17Networks_LH_VisCent_Striate_1
8,17Networks_LH_VisCent_ExStr_7
9,17Networks_LH_VisCent_ExStr_8
10,17Networks_LH_VisCent_ExStr_9
11,17Networks_LH_VisCent_ExStr_10
12,17Networks_LH_VisCent_ExStr_11
13,17Networks_LH_VisPeri_ExStrInf_1
14,17Networks_LH_VisPeri_ExStrInf_2
15,17Networks_LH_VisPeri_ExStrInf_3
16,17Networks_LH_VisPeri_ExStrInf_4
17,17Networks_LH_VisPeri_ExStrInf_5
18,17Networks_LH_VisPeri_Striate_1
19,17Networks_LH_VisPeri_Striate_2
20,17Networks_LH_VisPeri_ExStrSup_1
21,17Networks_LH_VisPeri_ExStrSup_2
22,17Networks_LH_VisPeri_ExStrSup_3
23,17Networks_LH_VisPeri_ExStrSup_4
24,17Networks_LH_VisPeri_ExStrSup_5
25,17Networks_LH_SomMotA_1
26,17Networks_LH_SomMotA_2
27,17Networks_LH_SomMotA_3
28,17Networks_LH_SomMotA_4
29,17Networks_LH_SomMotA_5
30,17Networks_LH_SomMotA_6
31,17Networks_LH_SomMotA_7
32,17Networks_LH_SomMotA_8
33,17Networks_LH_SomMotA_9
34,17Networks_LH_SomMotA_10
35,17Networks_LH_SomMotA_11
36,17Networks_LH_SomMotA_12
37,17Networks_LH_SomMotA_13
38,17Networks_LH_SomMotA_14
39,17Networks_LH_SomMotA_15
40,17Networks_LH_SomMotA_16
41,17Networks_LH_SomMotA_17
42,17Networks_LH_SomMotA_18
43,17Networks_LH_SomMotA_19
44,17Networks_LH_SomMotB_Aud_1
45,17Networks_LH_SomMotB_Aud_2
46,17Networks_LH_SomMotB_Ins_1
47,17Networks_LH_SomMotB_S2_1
48,17Networks_LH_SomMotB_S2_2
49,17Networks_LH_SomMotB_Aud_3
50,17Networks_LH_SomMotB_Aud_4
51,17Networks_LH_SomMotB_S2_3
52,17Networks_LH_SomMotB_S2_4
53,17Networks_LH_SomMotB_S2_5
54,17Networks_LH_SomMotB_S2_6
55,17Networks_LH_SomMotB_Cent_1
56,17Networks_LH_SomMotB_Cent_2
57,17Networks_LH_SomMotB_Cent_3
58,17Networks_LH_SomMotB_Cent_4
59,17Networks_LH_SomMotB_Cent_5
60,17Networks_LH_DorsAttnA_TempOcc_1
61,17Networks_LH_DorsAttnA_TempOcc_2
62,17Networks_LH_DorsAttnA_TempOcc_3
63,17Networks_LH_DorsAttnA_TempOcc_4
64,17Networks_LH_DorsAttnA_ParOcc_1
65,17Networks_LH_DorsAttnA_ParOcc_2
66,17Networks_LH_DorsAttnA_SPL_1
67,17Networks_LH_DorsAttnA_SPL_2
68,17Networks_LH_DorsAttnA_SPL_3
69,17Networks_LH_DorsAttnA_SPL_4
70,17Networks_LH_DorsAttnA_SPL_5
71,17Networks_LH_DorsAttnA_SPL_6
72,17Networks_LH_DorsAttnA_SPL_7
73,17Networks_LH_DorsAttnB_PostC_1
74,17Networks_LH_DorsAttnB_PostC_2
75,17Networks_LH_DorsAttnB_PostC_3
76,17Networks_LH_DorsAttnB_PostC_4
77,17Networks_LH_DorsAttnB_PostC_5
78,17Networks_LH_DorsAttnB_PostC_6
79,17Networks_LH_DorsAttnB_PostC_7
80,17Networks_LH_DorsAttnB_PostC_8
81,17Networks_LH_DorsAttnB_PostC_9
82,17Networks_LH_DorsAttnB_FEF_1
83,17Networks_LH_DorsAttnB_FEF_2
84,17Networks_LH_DorsAttnB_FEF_3
85,17Networks_LH_DorsAttnB_PrCv_1
86,17Networks_LH_SalVentAttnA_ParOper_1
87,17Networks_LH_SalVentAttnA_ParOper_2
88,17Networks_LH_SalVentAttnA_ParOper_3
89,17Networks_LH_SalVentAttnA_Ins_1
90,17Networks_LH_SalVentAttnA_Ins_2
91,17Networks_LH_SalVentAttnA_Ins_3
92,17Networks_LH_SalVentAttnA_Ins_4
93,17Networks_LH_SalVentAttnA_PrCv_1
94,17Networks_LH_SalVentAttnA_PrCv_2
95,17Networks_LH_SalVentAttnA_ParMed_1
96,17Networks_LH_SalVentAttnA_ParMed_2
97,17Networks_LH_SalVentAttnA_ParMed_3
98,17Networks_LH_SalVentAttnA_FrMed_1
99,17Networks_LH_SalVentAttnA_FrMed_2
100,17Networks_LH_SalVentAttnA_FrMed_3
101,17Networks_LH_SalVentAttnB_PFCl_1
102,17Networks_LH_SalVentAttnB_PFCl_2
103,17Networks_LH_SalVentAttnB_PFCl_3
104,17Networks_LH_SalVentAttnB_PFCv_1
105,17Networks_LH_SalVentAttnB_PFCv_2
106,17Networks_LH_SalVentAttnB_PFCv_3
107,17Networks_LH_SalVentAttnB_OFC_1
108,17Networks_LH_SalVentAttnB_PFCmp_1
109,17Networks_LH_Limbic_OFC_1
110,17Networks_LH_Limbic_OFC_2
111,17Networks_LH_Limbic_OFC_3
112,17Networks_LH_Limbic_OFC_4
113,17Networks_LH_Limbic_OFC_5
114,17Networks_LH_Limbic_TempPole_1
115,17Networks_LH_Limbic_TempPole_2
116,17Networks_LH_Limbic_TempPole_3
117,17Networks_LH_Limbic_TempPole_4
118,17Networks_LH_Limbic_TempPole_5
119,17Networks_LH_Limbic_TempPole_6
120,17Networks_LH_Limbic_TempPole_7
121,17Networks_LH_ContA_Temp_1
122,17Networks_LH_ContA_IPS_1
123,17Networks_LH_ContA_IPS_2
124,17Networks_LH_ContA_IPS_3
125,17Networks_LH_ContA_IPS_4
126,17Networks_LH_ContA_IPS_5
127,17Networks_LH_ContA_PFCd_1
128,17Networks_LH_ContA_PFClv_1
129,17Networks_LH_ContA_PFClv_2
130,17Networks_LH_ContA_PFCl_1
131,17Networks_LH_ContA_PFCl_2
132,17Networks_LH_ContA_PFCl_3
133,17Networks_LH_ContA_Cinga_1
134,17Networks_LH_ContB_Temp_1
135,17Networks_LH_ContB_Temp_2
136,17Networks_LH_ContB_IPL_1
137,17Networks_LH_ContB_IPL_2
138,17Networks_LH_ContB_IPL_3
139,17Networks_LH_ContB_PFCd_1
140,17Networks_LH_ContB_PFClv_1
141,17Networks_LH_ContB_PFClv_2
142,17Networks_LH_ContB_PFClv_3
143,17Networks_LH_ContB_PFCmp_1
144,17Networks_LH_ContC_pCun_1
145,17Networks_LH_ContC_pCun_2
146,17Networks_LH_ContC_pCun_3
147,17Networks_LH_ContC_Cingp_1
148,17Networks_LH_ContC_Cingp_2
149,17Networks_LH_DefaultA_IPL_1
150,17Networks_LH_DefaultA_IPL_2
151,17Networks_LH_DefaultA_PFCd_1
152,17Networks_LH_DefaultA_PFCd_2
153,17Networks_LH_DefaultA_PFCd_3
154,17Networks_LH_DefaultA_pCunPCC_1
155,17Networks_LH_DefaultA_pCunPCC_2
156,17Networks_LH_DefaultA_pCunPCC_3
157,17Networks_LH_DefaultA_pCunPCC_4
158,17Networks_LH_DefaultA_pCunPCC_5
159,17Networks_LH_DefaultA_pCunPCC_6
160,17Networks_LH_DefaultA_pCunPCC_7
161,17Networks_LH_DefaultA_PFCm_1
162,17Networks_LH_DefaultA_PFCm_2
163,17Networks_LH_DefaultA_PFCm_3
164,17Networks_LH_DefaultA_PFCm_4
165,17Networks_LH_DefaultA_PFCm_5
166,17Networks_LH_DefaultA_PFCm_6
167,17Networks_LH_DefaultB_Temp_1
168,17Networks_LH_DefaultB_Temp_2
169,17Networks_LH_DefaultB_Temp_3
170,17Networks_LH_DefaultB_Temp_4
171,17Networks_LH_DefaultB_Temp_5
172,17Networks_LH_DefaultB_Temp_6
173,17Networks_LH_DefaultB_IPL_1
174,17Networks_LH_DefaultB_IPL_2
175,17Networks_LH_DefaultB_PFCd_1
176,17Networks_LH_DefaultB_PFCd_2
177,17Networks_LH_DefaultB_PFCd_3
178,17Networks_LH_DefaultB_PFCd_4
179,17Networks_LH_DefaultB_PFCd_5
180,17Networks_LH_DefaultB_PFCd_6
181,17Networks_LH_DefaultB_PFCl_1
182,17Networks_LH_DefaultB_PFCl_2
183,17Networks_LH_DefaultB_PFCv_1
184,17Networks_LH_DefaultB_PFCv_2
185,17Networks_LH_DefaultB_PFCv_3
186,17Networks_LH_DefaultB_PFCv_4
187,17Networks_LH_DefaultB_PFCv_5
188,17Networks_LH_DefaultC_IPL_1
189,17Networks_LH_DefaultC_Rsp_1
190,17Networks_LH_DefaultC_Rsp_2
191,17Networks_LH_DefaultC_Rsp_3
192,17Networks_LH_DefaultC_PHC_1
193,17Networks_LH_DefaultC_PHC_2
194,17Networks_LH_DefaultC_PHC_3
195,17Networks_LH_TempPar_1
196,17Networks_LH_TempPar_2
197,17Networks_LH_TempPar_3
198,17Networks_LH_TempPar_4
199,17Networks_LH_TempPar_5
200,17Networks_LH_TempPar_6
201,17Networks_RH_VisCent_ExStr_1
202,17Networks_RH_VisCent_ExStr_2
203,17Networks_RH_VisCent_ExStr_3
204,17Networks_RH_VisCent_ExStr_4
205,17Networks_RH_VisCent_ExStr_5
206,17Networks_RH_VisCent_ExStr_6
207,17Networks_RH_VisCent_Striate_1
208,17Networks_RH_VisCent_ExStr_7
209,17Networks_RH_VisCent_ExStr_8
210,17Networks_RH_VisCent_ExStr_9
211,17Networks_RH_VisCent_ExStr_10
212,17Networks_RH_VisCent_ExStr_11
213,17Networks_RH_VisPeri_ExStrInf_1
214,17Networks_RH_VisPeri_ExStrInf_2
215,17Networks_RH_VisPeri_ExStrInf_3
216,17Networks_RH_VisPeri_ExStrInf_4
217,17Networks_RH_VisPeri_ExStrInf_5
218,17Networks_RH_VisPeri_Striate_1
219,17Networks_RH_VisPeri_Striate_2
220,17Networks_RH_VisPeri_ExStrSup_1
221,17Networks_RH_VisPeri_ExStrSup_2
222,17Networks_RH_VisPeri_ExStrSup_3
223,17Networks_RH_VisPeri_ExStrSup_4
224,17Networks_RH_SomMotA_1
225,17Networks_RH_SomMotA_2
226,17Networks_RH_SomMotA_3
227,17Networks_RH_SomMotA_4
228,17Networks_RH_SomMotA_5
229,17Networks_RH_SomMotA_6
230,17Networks_RH_SomMotA_7
231,17Networks_RH_SomMotA_8
232,17Networks_RH_SomMotA_9
233,17Networks_RH_SomMotA_10
234,17Networks_RH_SomMotA_11
235,17Networks_RH_SomMotA_12
236,17Networks_RH_SomMotA_13
237,17Networks_RH_SomMotA_14
238,17Networks_RH_SomMotA_15
239,17Networks_RH_SomMotA_16
240,17Networks_RH_SomMotA_17
241,17Networks_RH_SomMotA_18
242,17Networks_RH_SomMotA_19
243,17Networks_RH_SomMotA_20
244,17Networks_RH_SomMotB_Aud_1
245,17Networks_RH_SomMotB_Aud_2
246,17Networks_RH_SomMotB_Ins_1
247,17Networks_RH_SomMotB_S2_1
248,17Networks_RH_SomMotB_S2_2
249,17Networks_RH_SomMotB_Aud_3
250,17Networks_RH_SomMotB_S2_3
251,17Networks_RH_SomMotB_S2_4
252,17Networks_RH_SomMotB_S2_5
253,17Networks_RH_SomMotB_S2_6
254,17Networks_RH_SomMotB_S2_7
255,17Networks_RH_SomMotB_S2_8
256,17Networks_RH_SomMotB_Cent_1
257,17Networks_RH_SomMotB_Cent_2
258,17Networks_RH_SomMotB_Cent_3
259,17Networks_RH_DorsAttnA_TempOcc_1
260,17Networks_RH_DorsAttnA_TempOcc_2
261,17Networks_RH_DorsAttnA_TempOcc_3
262,17Networks_RH_DorsAttnA_ParOcc_1
263,17Networks_RH_DorsAttnA_ParOcc_2
264,17Networks_RH_DorsAttnA_ParOcc_3
265,17Networks_RH_DorsAttnA_SPL_1
266,17Networks_RH_DorsAttnA_SPL_2
267,17Networks_RH_DorsAttnA_SPL_3
268,17Networks_RH_DorsAttnA_SPL_4
269,17Networks_RH_DorsAttnA_SPL_5
270,17Networks_RH_DorsAttnA_SPL_6
271,17Networks_RH_DorsAttnA_SPL_7
272,17Networks_RH_DorsAttnA_SPL_8
273,17Networks_RH_DorsAttnB_TempOcc_1
274,17Networks_RH_DorsAttnB_PostC_1
275,17Networks_RH_DorsAttnB_PostC_2
276,17Networks_RH_DorsAttnB_PostC_3
277,17Networks_RH_DorsAttnB_PostC_4
278,17Networks_RH_DorsAttnB_PostC_5
279,17Networks_RH_DorsAttnB_PostC_6
280,17Networks_RH_DorsAttnB_PostC_7
281,17Networks_RH_DorsAttnB_PostC_8
282,17Networks_RH_DorsAttnB_FEF_1
283,17Networks_RH_DorsAttnB_FEF_2
284,17Networks_RH_DorsAttnB_FEF_3
285,17Networks_RH_SalVentAttnA_ParOper_1
286,17Networks_RH_SalVentAttnA_ParOper_2
287,17Networks_RH_SalVentAttnA_ParOper_3
288,17Networks_RH_SalVentAttnA_PrC_1
289,17Networks_RH_SalVentAttnA_Ins_1
290,17Networks_RH_SalVentAttnA_Ins_2
291,17Networks_RH_SalVentAttnA_Ins_3
292,17Networks_RH_SalVentAttnA_Ins_4
293,17Networks_RH_SalVentAttnA_PrCv_1
294,17Networks_RH_SalVentAttnA_PrCv_2
295,17Networks_RH_SalVentAttnA_PrCv_3
296,17Networks_RH_SalVentAttnA_FrMed_1
297,17Networks_RH_SalVentAttnA_ParMed_1
298,17Networks_RH_SalVentAttnA_ParMed_2
299,17Networks_RH_SalVentAttnA_FrMed_2
300,17Networks_RH_SalVentAttnA_ParMed_3
301,17Networks_RH_SalVentAttnA_ParMed_4
302,17Networks_RH_SalVentAttnA_FrMed_3
303,17Networks_RH_SalVentAttnA_FrMed_4
304,17Networks_RH_SalVentAttnB_IPL_1
305,17Networks_RH_SalVentAttnB_PFClv_1
306,17Networks_RH_SalVentAttnB_PFCl_1
307,17Networks_RH_SalVentAttnB_PFCl_2
308,17Networks_RH_SalVentAttnB_PFCl_3
309,17Networks_RH_SalVentAttnB_PFCv_1
310,17Networks_RH_SalVentAttnB_PFCv_2
311,17Networks_RH_SalVentAttnB_PFCmp_1
312,17Networks_RH_SalVentAttnB_PFCmp_2
313,17Networks_RH_Limbic_OFC_1
314,17Networks_RH_Limbic_OFC_2
315,17Networks_RH_Limbic_OFC_3
316,17Networks_RH_Limbic_OFC_4
317,17Networks_RH_Limbic_OFC_5
318,17Networks_RH_Limbic_OFC_6
319,17Networks_RH_Limbic_TempPole_1
320,17Networks_RH_Limbic_TempPole_2
321,17Networks_RH_Limbic_TempPole_3
322,17Networks_RH_Limbic_TempPole_4
323,17Networks_RH_Limbic_TempPole_5
324,17Networks_RH_Limbic_TempPole_6
325,17Networks_RH_ContA_IPS_1
326,17Networks_RH_ContA_IPS_2
327,17Networks_RH_ContA_IPS_3
328,17Networks_RH_ContA_IPS_4
329,17Networks_RH_ContA_PFCd_1
330,17Networks_RH_ContA_PFCl_1
331,17Networks_RH_ContA_PFCl_2
332,17Networks_RH_ContA_PFCl_3
333,17Networks_RH_ContA_PFCl_4
334,17Networks_RH_ContA_PFCl_5
335,17Networks_RH_ContA_Cinga_1
336,17Networks_RH_ContB_Temp_1
337,17Networks_RH_ContB_Temp_2
338,17Networks_RH_ContB_IPL_1
339,17Networks_RH_ContB_IPL_2
340,17Networks_RH_ContB_IPL_3
341,17Networks_RH_ContB_IPL_4
342,17Networks_RH_ContB_PFCld_1
343,17Networks_RH_ContB_PFCld_2
344,17Networks_RH_ContB_PFCld_3
345,17Networks_RH_ContB_PFCld_4
346,17Networks_RH_ContB_PFClv_1
347,17Networks_RH_ContB_PFClv_2
348,17Networks_RH_ContB_PFClv_3
349,17Networks_RH_ContB_PFClv_4
350,17Networks_RH_ContB_PFCmp_1
351,17Networks_RH_ContC_pCun_1
352,17Networks_RH_ContC_pCun_2
353,17Networks_RH_ContC_pCun_3
354,17Networks_RH_ContC_pCun_4
355,17Networks_RH_ContC_pCun_5
356,17Networks_RH_ContC_Cingp_1
357,17Networks_RH_ContC_Cingp_2
358,17Networks_RH_DefaultA_Temp_1
359,17Networks_RH_DefaultA_IPL_1
360,17Networks_RH_DefaultA_IPL_2
361,17Networks_RH_DefaultA_PFCd_1
362,17Networks_RH_DefaultA_PFCd_2
363,17Networks_RH_DefaultA_pCunPCC_1
364,17Networks_RH_DefaultA_pCunPCC_2
365,17Networks_RH_DefaultA_pCunPCC_3
366,17Networks_RH_DefaultA_pCunPCC_4
367,17Networks_RH_DefaultA_pCunPCC_5
368,17Networks_RH_DefaultA_PFCm_1
369,17Networks_RH_DefaultA_PFCm_2
370,17Networks_RH_DefaultA_PFCm_3
371,17Networks_RH_DefaultA_PFCm_4
372,17Networks_RH_DefaultA_PFCm_5
373,17Networks_RH_DefaultA_PFCm_6
374,17Networks_RH_DefaultB_Temp_1
375,17Networks_RH_DefaultB_Temp_2
376,17Networks_RH_DefaultB_AntTemp_1
377,17Networks_RH_DefaultB_PFCd_1
378,17Networks_RH_DefaultB_PFCd_2
379,17Networks_RH_DefaultB_PFCd_3
380,17Networks_RH_DefaultB_PFCd_4
381,17Networks_RH_DefaultB_PFCd_5
382,17Networks_RH_DefaultB_PFCv_1
383,17Networks_RH_DefaultB_PFCv_2
384,17Networks_RH_DefaultB_PFCv_3
385,17Networks_RH_DefaultC_IPL_1
386,17Networks_RH_DefaultC_IPL_2
387,17Networks_RH_DefaultC_Rsp_1
388,17Networks_RH_DefaultC_Rsp_2
389,17Networks_RH_DefaultC_PHC_1
390,17Networks_RH_DefaultC_PHC_2
391,17Networks_RH_TempPar_1
392,17Networks_RH_TempPar_2
393,17Networks_RH_TempPar_3
394,17Networks_RH_TempPar_4
395,17Networks_RH_TempPar_5
396,17Networks_RH_TempPar_6
397,17Networks_RH_TempPar_7
398,17Networks_RH_TempPar_8
399,17Networks_RH_TempPar_9
400,17Networks_RH_TempPar_10
401,Cerebellum_Left
402,Thalamus_Left
403,Caudate_Left
404,Putamen_Left
405,Pallidum_Left
406,BrainStem
407,Hippocampus_Left
408,Amygdala_Left
409,Accumbens_Left
410,DiencephalonVentral_Left
411,Cerebellum_Right
412,Thalamus_Right
413,Caudate_Right
414,Putamen_Right
415,Pallidum_Right
416,Hippocampus_Right
417,Amygdala_Right
418,Accumbens_Right
419,DiencephalonVentral_Right
